EmployeeID,Age,Department,JobRole,MonthlyIncome,YearsAtCompany,DistanceFromHome,JobSatisfaction,WorkLifeBalance,PerformanceRating,OverTime,TrainingTimesLastYear,Attrition
1,59,IT,Lead,149714,5,29,2,4,3,Yes,4,No
2,49,R&D,Associate,129988,18,5,4,2,2,Yes,3,No
3,35,Sales,Associate,128944,3,9,1,1,3,No,5,No
4,28,R&D,Analyst,52441,12,2,2,1,1,No,2,No
5,41,Sales,Manager,126966,23,1,4,4,4,No,1,No
6,59,Sales,Lead,59129,13,30,2,2,4,No,1,Yes
7,39,R&D,Lead,120252,2,11,3,1,4,No,5,No
8,43,R&D,Associate,82368,9,28,2,4,4,Yes,0,Yes
9,31,Finance,Manager,130395,5,12,1,1,2,Yes,5,Yes
10,31,R&D,Analyst,112122,0,39,2,2,2,No,0,Yes
11,44,HR,Manager,64760,22,26,1,2,3,No,0,No
12,56,HR,Executive,149655,23,13,3,2,2,No,5,No
13,44,Sales,Manager,43478,13,8,1,1,1,Yes,1,Yes
14,23,IT,Executive,147881,7,28,2,3,1,Yes,2,Yes
15,42,Sales,Executive,91854,18,30,4,1,4,Yes,1,No
16,22,Finance,Analyst,114230,13,9,3,3,1,No,1,No
17,44,Sales,Associate,105716,9,39,2,2,3,No,1,No
18,50,R&D,Manager,32180,16,31,3,4,2,No,5,No
19,58,Sales,Executive,118538,8,21,3,3,2,No,5,No
20,22,Finance,Manager,35372,5,34,2,2,2,No,5,Yes
21,41,R&D,Associate,49796,10,31,2,2,1,No,1,Yes
22,53,HR,Associate,78272,24,25,4,3,2,Yes,2,No
23,32,Sales,Lead,138295,6,12,3,4,4,No,0,No
24,42,IT,Associate,109963,16,1,3,2,4,No,4,No
25,45,Sales,Analyst,118826,0,22,2,3,4,Yes,0,Yes
26,47,Finance,Executive,140592,21,37,1,4,1,No,0,No
27,48,Sales,Lead,113635,4,1,2,4,2,No,4,No
28,36,Sales,Analyst,131022,8,1,3,2,1,No,1,No
29,35,Sales,Manager,74040,17,21,2,1,2,No,2,Yes
30,23,R&D,Executive,95357,23,15,4,1,3,No,2,No
31,57,HR,Associate,91368,20,17,1,2,3,No,0,Yes
32,27,Sales,Executive,98356,1,22,2,4,1,Yes,4,Yes
33,41,IT,Manager,36211,10,38,4,2,4,Yes,3,No
34,29,R&D,Lead,125426,5,35,3,3,1,Yes,1,No
35,59,R&D,Lead,25842,7,16,2,1,4,Yes,0,Yes
36,38,R&D,Lead,83115,3,8,3,3,2,No,2,No
37,24,R&D,Associate,86852,17,17,4,2,4,No,5,No
38,45,HR,Analyst,145737,10,17,3,2,4,Yes,5,No
39,34,Sales,Analyst,65968,4,26,4,4,2,No,4,No
40,29,Sales,Executive,37508,14,13,4,4,3,Yes,4,No
41,46,Finance,Associate,42005,17,17,4,4,2,No,0,No
42,22,Finance,Lead,74575,1,38,2,3,1,Yes,3,Yes
43,40,R&D,Lead,100742,21,17,3,4,1,No,2,No
44,48,Sales,Manager,38971,10,14,3,2,1,Yes,0,No
45,27,HR,Manager,45599,24,6,1,4,1,No,3,No
46,28,R&D,Lead,107592,12,35,1,1,1,No,4,No
47,55,Sales,Lead,86914,3,14,1,4,3,No,5,No
48,34,Sales,Associate,138062,21,8,1,3,3,Yes,1,No
49,37,IT,Analyst,87055,6,15,3,1,4,Yes,5,No
50,56,IT,Manager,107697,10,27,4,1,1,Yes,2,No
51,24,Sales,Analyst,126239,21,13,4,1,2,No,2,No
52,22,Sales,Associate,124397,23,31,2,3,1,Yes,5,No
53,26,Sales,Lead,143106,3,35,4,2,3,No,5,No
54,24,IT,Analyst,25355,14,6,3,4,1,No,3,No
55,49,Sales,Lead,74120,0,5,3,1,3,No,0,No
56,38,Sales,Lead,94619,22,22,3,1,4,No,4,No
57,46,IT,Executive,58342,2,23,2,1,4,Yes,3,Yes
58,54,Sales,Analyst,105992,13,25,1,2,4,Yes,1,Yes
59,30,IT,Analyst,98860,5,34,4,2,3,No,5,No
60,56,Sales,Lead,22257,17,26,3,3,1,No,1,No
61,34,Sales,Associate,47364,24,5,3,2,1,Yes,1,No
62,51,Sales,Executive,44972,0,26,1,4,2,Yes,3,Yes
63,35,IT,Lead,131715,5,20,3,3,3,No,4,No
64,28,Finance,Manager,46654,5,6,4,3,2,Yes,2,No
65,34,IT,Manager,100769,20,6,2,4,4,No,0,No
66,43,R&D,Executive,101423,15,18,3,4,1,No,2,No
67,41,IT,Associate,49320,4,4,4,4,3,Yes,4,No
68,36,Sales,Lead,40808,16,17,3,3,2,Yes,2,No
69,38,Sales,Analyst,72389,9,14,1,3,2,Yes,5,No
70,44,Finance,Executive,115690,20,14,3,3,2,No,5,No
71,46,Sales,Associate,138581,17,13,3,4,1,No,3,No
72,45,Sales,Analyst,147927,6,7,2,4,1,No,1,No
73,49,Sales,Manager,54773,2,15,1,1,1,No,4,No
74,35,Sales,Manager,71168,12,19,1,2,3,No,4,No
75,21,Sales,Analyst,47747,14,35,2,1,1,Yes,2,Yes
76,45,HR,Executive,96396,19,17,3,4,3,Yes,3,No
77,27,R&D,Manager,128374,18,35,4,3,2,No,2,No
78,29,Finance,Lead,127692,2,19,1,4,2,Yes,2,No
79,44,IT,Analyst,103692,3,20,1,2,4,Yes,4,No
80,21,R&D,Analyst,77505,4,36,3,1,1,No,2,No
81,28,Sales,Manager,105896,0,35,3,1,2,No,1,No
82,44,R&D,Executive,38135,3,32,1,3,1,No,2,No
83,31,HR,Lead,110887,11,24,3,1,3,No,1,No
84,37,Sales,Executive,142118,23,17,4,1,2,Yes,4,No
85,28,HR,Associate,116035,9,7,1,4,1,No,3,No
86,55,R&D,Associate,67377,22,1,4,1,2,Yes,5,No
87,55,HR,Manager,43554,24,35,4,1,2,No,1,No
88,53,R&D,Manager,82491,20,32,3,1,1,No,3,No
89,25,Sales,Manager,75621,19,36,4,3,2,Yes,3,No
90,59,Finance,Associate,134667,23,13,3,3,2,No,1,No
91,48,IT,Executive,78283,24,6,2,4,2,Yes,4,Yes
92,27,Sales,Executive,105140,12,14,3,1,2,No,0,No
93,29,Finance,Manager,36923,22,37,4,3,3,No,3,No
94,28,R&D,Lead,67591,13,15,2,3,2,No,3,No
95,32,Finance,Executive,82261,22,4,3,4,4,No,4,No
96,54,IT,Associate,136149,4,16,4,2,2,Yes,4,No
97,53,R&D,Analyst,74336,3,28,1,1,1,No,2,Yes
98,43,Sales,Analyst,94083,13,16,1,3,4,No,4,No
99,44,Sales,Analyst,80948,9,4,3,4,3,Yes,3,No
100,57,R&D,Lead,129819,16,26,3,4,4,No,1,No
101,55,HR,Manager,53002,9,28,1,4,4,No,0,No
102,42,Sales,Associate,100098,6,32,4,3,4,Yes,2,No
103,47,Sales,Lead,136236,15,2,4,1,1,No,1,No
104,55,IT,Associate,93016,0,31,4,2,1,Yes,0,Yes
105,21,Finance,Associate,46672,16,3,3,1,1,No,0,No
106,55,R&D,Manager,24213,20,8,2,4,3,Yes,0,Yes
107,57,Sales,Analyst,30293,8,24,2,4,1,No,5,No
108,34,Sales,Manager,119977,5,15,2,2,1,No,1,No
109,23,Sales,Lead,75860,18,31,2,1,4,No,2,Yes
110,21,Finance,Lead,82507,12,9,2,4,1,No,2,No
111,25,Sales,Lead,77134,2,39,3,4,2,No,0,No
112,46,HR,Manager,22100,6,2,3,1,1,No,1,No
113,34,Sales,Associate,130153,21,8,2,4,3,Yes,5,Yes
114,59,HR,Associate,81997,8,7,3,1,3,No,0,No
115,47,IT,Executive,48172,21,39,3,4,2,No,4,No
116,29,IT,Lead,40132,4,16,2,1,3,No,2,No
117,35,Sales,Associate,137861,9,35,4,2,3,No,3,No
118,35,Sales,Executive,38199,22,30,3,4,4,No,0,No
119,46,Sales,Associate,56609,16,10,4,2,2,No,4,No
120,33,Finance,Lead,62965,11,38,3,4,4,No,2,No
121,52,Finance,Analyst,28016,22,18,3,4,4,Yes,5,No
122,59,HR,Lead,59779,15,5,2,3,1,No,1,No
123,52,HR,Manager,122797,2,29,3,1,2,No,2,No
124,24,IT,Associate,51881,24,39,1,2,1,No,1,No
125,50,Sales,Associate,102594,21,34,1,2,1,No,1,Yes
126,57,Finance,Manager,44472,8,23,2,2,4,Yes,5,Yes
127,43,R&D,Manager,126882,14,5,4,1,3,No,5,No
128,59,R&D,Analyst,120462,4,30,4,3,2,No,0,No
129,35,R&D,Associate,71813,22,6,4,2,3,Yes,0,No
130,49,Sales,Associate,120368,12,4,1,1,4,No,2,No
131,56,Sales,Analyst,146731,13,29,4,4,4,Yes,5,No
132,33,IT,Executive,56021,19,23,4,2,4,No,4,No
133,52,Sales,Analyst,74131,14,6,2,2,4,Yes,2,Yes
134,27,HR,Lead,44087,15,32,4,3,4,No,3,No
135,42,Sales,Associate,32828,22,18,1,2,4,No,1,Yes
136,48,R&D,Manager,81610,12,15,1,2,3,No,1,No
137,22,Sales,Lead,116664,16,32,1,4,1,No,0,No
138,26,R&D,Associate,143619,22,9,2,1,3,No,4,Yes
139,48,IT,Analyst,21401,7,37,2,1,2,Yes,5,Yes
140,48,Sales,Lead,105179,20,10,3,3,3,Yes,5,No
141,40,HR,Associate,35193,1,20,4,4,4,No,0,No
142,50,R&D,Executive,112389,4,6,2,1,3,Yes,3,Yes
143,31,IT,Executive,64864,5,3,1,4,1,No,2,No
144,48,Finance,Manager,40307,11,11,1,1,2,No,2,No
145,45,IT,Associate,122518,17,17,2,4,3,No,4,No
146,59,Sales,Executive,39611,21,32,2,3,1,No,0,No
147,53,Sales,Analyst,63791,21,4,2,2,3,Yes,0,Yes
148,21,Sales,Associate,31950,0,4,3,3,2,No,3,No
149,47,HR,Analyst,96240,16,17,1,1,3,No,2,No
150,33,Sales,Analyst,128647,10,19,3,3,4,No,0,No
151,23,R&D,Executive,97403,9,5,3,2,3,No,5,No
152,59,HR,Associate,22745,18,32,4,3,1,Yes,4,No
153,26,R&D,Lead,75243,13,22,1,1,3,No,2,Yes
154,28,IT,Executive,23866,9,6,1,1,1,No,3,No
155,47,Sales,Executive,52245,14,35,2,3,2,No,4,No
156,29,Sales,Associate,64724,18,22,2,2,3,Yes,1,Yes
157,57,IT,Associate,148681,3,1,4,3,2,No,5,No
158,53,R&D,Analyst,91354,1,20,3,2,2,No,3,No
159,44,IT,Associate,71374,8,22,2,4,3,Yes,4,No
160,35,R&D,Analyst,134397,9,11,2,2,1,No,0,No
161,52,Sales,Executive,137480,10,13,1,4,2,No,1,No
162,52,IT,Manager,144577,13,3,1,3,2,No,3,No
163,44,IT,Lead,50116,6,9,2,2,3,No,0,No
164,32,IT,Executive,101029,22,12,1,4,3,Yes,5,No
165,59,Sales,Associate,113574,14,23,4,4,3,No,1,No
166,22,HR,Lead,40447,21,14,2,4,3,No,2,No
167,23,R&D,Manager,50431,18,33,1,1,3,No,0,Yes
168,57,Sales,Manager,37908,21,18,4,3,4,No,4,No
169,37,Finance,Analyst,49336,14,9,1,4,3,No,3,No
170,22,Sales,Lead,60992,23,23,1,2,1,Yes,1,Yes
171,22,Finance,Analyst,75350,7,10,1,4,2,No,0,No
172,48,R&D,Executive,89561,10,19,2,1,1,No,2,No
173,43,Sales,Lead,137254,8,5,3,3,1,No,3,No
174,57,R&D,Executive,71955,14,23,1,1,4,No,3,Yes
175,52,Finance,Analyst,81240,0,30,4,1,3,No,0,No
176,53,IT,Lead,40093,0,25,2,1,2,No,2,Yes
177,21,IT,Analyst,26155,18,28,2,2,1,Yes,5,Yes
178,39,IT,Lead,66607,2,34,4,3,3,No,5,No
179,22,IT,Analyst,53487,9,25,1,3,3,No,1,No
180,46,IT,Manager,133194,7,10,3,2,4,No,0,No
181,52,Sales,Analyst,75668,14,14,1,3,4,No,1,No
182,26,R&D,Manager,40963,9,30,4,1,4,No,5,No
183,52,Sales,Analyst,70124,0,25,2,3,2,No,3,No
184,24,Finance,Lead,72870,17,14,3,2,1,No,1,No
185,31,Finance,Lead,76547,1,35,2,1,4,No,2,Yes
186,37,Sales,Lead,84110,18,34,4,2,4,No,4,No
187,58,IT,Associate,73554,12,10,1,4,4,No,5,No
188,44,Finance,Executive,40936,21,35,3,1,1,No,5,No
189,25,Sales,Lead,136895,0,11,2,1,1,No,2,No
190,54,HR,Manager,24426,1,11,2,3,4,No,1,Yes
191,26,Finance,Lead,108839,15,21,2,1,4,No,0,No
192,42,Sales,Associate,130816,14,21,1,2,3,No,3,No
193,31,IT,Manager,47606,12,22,3,3,4,Yes,4,No
194,36,Sales,Associate,67832,15,7,1,4,2,Yes,0,Yes
195,53,Finance,Manager,48151,16,17,1,2,2,No,0,No
196,29,Finance,Analyst,99303,20,2,1,4,4,No,2,No
197,26,Finance,Executive,31308,6,12,4,4,1,No,1,No
198,36,R&D,Executive,129781,23,18,4,4,3,No,5,No
199,49,Finance,Associate,82522,16,11,4,1,1,Yes,5,No
200,23,IT,Executive,143523,6,16,3,2,4,No,2,No
201,40,R&D,Associate,65671,12,18,1,2,2,No,1,No
202,56,IT,Associate,110306,4,35,1,1,3,No,2,Yes
203,39,Sales,Associate,114108,16,26,4,3,1,No,5,No
204,46,HR,Executive,126984,2,16,1,4,1,Yes,0,No
205,23,Sales,Associate,22204,6,6,1,2,4,Yes,3,Yes
206,39,Sales,Executive,112769,16,12,2,1,3,No,1,No
207,40,Sales,Associate,107265,6,13,1,4,2,No,4,No
208,52,IT,Lead,51131,20,4,2,3,4,No,4,No
209,27,R&D,Associate,72428,0,39,1,3,3,Yes,0,Yes
210,53,IT,Manager,53870,16,2,3,4,1,Yes,2,No
211,59,Sales,Associate,123547,16,26,4,3,4,No,2,No
212,38,R&D,Analyst,124918,10,27,2,2,1,No,5,No
213,21,R&D,Associate,69067,24,27,4,2,1,No,0,No
214,31,IT,Manager,78585,2,15,2,2,4,Yes,5,Yes
215,48,R&D,Manager,127011,14,8,2,3,4,No,5,No
216,45,HR,Executive,132217,20,7,2,2,4,Yes,4,Yes
217,43,Finance,Lead,41607,10,12,3,1,4,Yes,5,No
218,51,HR,Associate,44968,15,13,1,2,4,No,5,No
219,50,Sales,Executive,118934,24,17,2,2,1,Yes,4,Yes
220,55,Sales,Lead,31908,21,17,3,3,2,Yes,2,No
221,27,Finance,Associate,46423,8,36,2,2,2,No,1,Yes
222,36,Sales,Analyst,129151,23,21,1,4,4,No,3,No
223,46,Finance,Associate,94707,23,8,2,1,1,No,5,No
224,22,R&D,Manager,98257,0,5,3,3,2,No,1,No
225,21,Finance,Manager,146282,24,26,1,1,2,Yes,4,Yes
226,32,IT,Analyst,81215,21,16,3,4,2,Yes,1,No
227,25,Finance,Executive,75835,15,36,1,3,1,No,3,No
228,57,R&D,Lead,69429,8,28,1,3,4,No,1,No
229,52,IT,Associate,102152,18,29,4,2,4,No,1,No
230,29,R&D,Manager,128048,11,12,4,1,4,Yes,1,No
231,55,R&D,Executive,58458,18,37,4,4,3,No,1,No
232,39,HR,Analyst,66169,21,30,1,4,3,Yes,0,No
233,36,Finance,Manager,27659,8,23,2,3,3,No,5,No
234,23,Finance,Analyst,80614,6,16,3,2,1,No,4,No
235,40,IT,Associate,128905,13,14,3,3,2,No,3,No
236,44,R&D,Lead,97240,18,10,3,3,2,No,4,No
237,53,R&D,Manager,52793,18,7,4,3,1,No,0,No
238,44,IT,Manager,133688,1,37,1,3,1,No,0,No
239,31,Sales,Associate,66473,8,29,4,4,4,No,0,No
240,28,Sales,Executive,116762,12,3,2,4,4,Yes,5,Yes
241,56,R&D,Lead,109388,14,15,1,3,3,No,0,No
242,58,Sales,Manager,117618,2,36,3,3,3,Yes,1,No
243,40,Sales,Lead,108330,10,19,4,2,1,No,4,No
244,55,Sales,Manager,126956,20,13,4,3,3,No,2,No
245,45,Sales,Lead,138452,13,21,2,4,2,No,3,No
246,55,Sales,Analyst,75751,24,37,2,1,1,No,0,No
247,45,Finance,Manager,146311,7,27,4,4,1,Yes,4,No
248,49,R&D,Lead,98915,17,29,2,2,2,No,0,No
249,38,R&D,Executive,74254,18,20,3,4,4,No,5,No
250,38,IT,Analyst,27006,15,25,2,1,4,No,0,Yes
251,22,Sales,Analyst,138171,1,6,2,3,2,No,0,No
252,55,Finance,Executive,136682,7,36,4,1,2,No,0,No
253,36,IT,Lead,94218,21,2,4,3,3,No,0,No
254,56,Sales,Associate,85344,5,22,1,3,1,Yes,3,Yes
255,53,R&D,Executive,53840,11,32,1,4,3,Yes,4,Yes
256,24,Finance,Lead,52430,14,16,4,4,2,No,5,No
257,53,Finance,Executive,43091,24,18,2,4,3,No,0,No
258,34,R&D,Executive,146053,7,5,2,2,2,No,0,No
259,41,HR,Manager,52983,3,36,1,4,3,No,0,No
260,40,Sales,Lead,43989,14,30,1,2,3,No,0,No
261,28,Finance,Associate,95451,19,19,1,4,4,No,1,No
262,27,Sales,Manager,128088,24,23,3,3,2,Yes,1,No
263,23,Finance,Executive,38990,16,34,3,2,3,Yes,2,No
264,37,HR,Executive,110270,12,13,1,1,1,No,0,No
265,53,HR,Executive,100360,17,29,2,2,3,No,2,No
266,32,R&D,Lead,139469,1,36,1,2,3,No,3,Yes
267,42,Sales,Lead,56081,12,22,3,1,1,No,2,No
268,42,Sales,Manager,31033,12,36,2,2,2,Yes,4,Yes
269,50,Sales,Associate,128272,21,9,3,3,4,No,1,No
270,58,Sales,Manager,36241,14,39,2,4,4,Yes,1,No
271,58,IT,Analyst,144932,19,19,3,1,4,No,0,No
272,28,R&D,Executive,142451,9,38,2,4,1,No,0,No
273,47,Sales,Executive,25939,2,6,2,3,3,No,3,No
274,47,Finance,Executive,133000,18,15,2,1,2,No,5,No
275,54,Finance,Manager,67562,2,20,2,4,3,Yes,3,No
276,41,Finance,Manager,55063,21,9,4,4,4,No,4,No
277,50,Finance,Executive,140373,13,32,3,3,3,No,0,No
278,53,Sales,Manager,120000,7,4,3,4,1,No,0,No
279,48,R&D,Lead,96721,22,18,4,3,1,No,3,No
280,53,IT,Lead,47045,3,5,2,2,2,No,3,No
281,25,IT,Manager,136634,19,20,2,3,2,No,3,No
282,39,Sales,Executive,64769,10,23,3,2,4,Yes,1,No
283,24,IT,Manager,67118,10,11,4,1,2,No,2,No
284,55,Sales,Manager,104703,10,37,2,4,3,Yes,2,No
285,37,Sales,Manager,121948,1,22,2,3,1,No,0,Yes
286,48,R&D,Analyst,41625,16,4,2,3,1,No,1,No
287,50,HR,Lead,124724,8,29,1,4,1,No,3,No
288,49,HR,Associate,148557,1,34,4,4,2,No,0,No
289,26,Sales,Associate,47076,23,13,2,1,1,No,1,No
290,55,Finance,Analyst,142245,14,9,1,1,1,Yes,4,Yes
291,57,Sales,Manager,84805,15,31,4,3,1,No,5,No
292,44,Sales,Analyst,64605,24,7,2,1,4,No,1,No
293,49,Finance,Analyst,104565,3,4,3,2,4,No,0,No
294,51,Finance,Executive,108509,7,19,1,1,2,Yes,2,Yes
295,55,Finance,Lead,59121,8,30,1,1,1,No,3,No
296,53,IT,Associate,85101,4,31,2,3,2,No,5,No
297,41,IT,Manager,51433,15,35,2,2,1,No,4,Yes
298,52,HR,Associate,63309,12,21,1,1,1,No,5,No
299,43,Sales,Associate,87468,6,31,3,2,1,No,5,No
300,53,R&D,Lead,64254,19,19,3,2,2,No,1,No
301,23,R&D,Associate,87293,16,31,4,2,2,No,0,No
302,38,Sales,Associate,116258,2,32,2,4,1,Yes,0,No
303,45,IT,Analyst,57853,4,2,3,4,3,Yes,5,No
304,51,R&D,Lead,58405,18,10,4,4,2,No,3,No
305,23,Sales,Executive,86652,11,2,3,4,4,Yes,0,No
306,44,Sales,Manager,63527,6,2,2,3,2,No,5,No
307,52,IT,Associate,97227,8,24,4,1,1,No,0,No
308,42,Sales,Manager,20492,5,17,4,4,3,Yes,3,No
309,43,Finance,Executive,113418,16,32,4,3,1,No,4,No
310,22,R&D,Manager,28811,15,16,3,1,4,No,5,No
311,47,R&D,Executive,113344,22,16,2,4,2,No,2,No
312,22,HR,Analyst,44272,2,39,4,1,2,No,2,No
313,46,IT,Associate,113935,20,31,1,4,1,No,5,No
314,37,R&D,Executive,92010,3,24,2,3,1,No,1,No
315,53,IT,Manager,112492,9,1,1,2,4,No,4,No
316,29,HR,Associate,67153,4,11,1,2,3,No,1,No
317,59,Sales,Analyst,128042,20,21,4,1,4,Yes,2,No
318,49,Finance,Associate,74110,21,4,4,3,3,Yes,3,No
319,46,IT,Executive,33979,9,7,3,2,2,No,5,No
320,55,IT,Analyst,130059,11,26,3,4,3,Yes,0,No
321,45,Finance,Manager,128101,9,12,3,2,3,Yes,2,No
322,44,Finance,Analyst,48328,12,31,2,1,2,No,4,No
323,33,IT,Analyst,132911,10,17,3,1,2,Yes,2,No
324,27,IT,Lead,32867,21,33,1,3,2,No,4,No
325,56,IT,Analyst,79234,15,11,3,1,4,No,4,No
326,40,IT,Analyst,45851,7,28,4,2,2,No,5,No
327,21,HR,Associate,51279,7,32,3,2,1,No,4,No
328,28,IT,Manager,137431,24,1,2,2,2,Yes,1,Yes
329,36,Sales,Associate,116063,7,28,2,2,2,No,3,Yes
330,34,Finance,Associate,93402,12,7,1,3,2,No,2,No
331,32,Finance,Executive,35449,1,2,2,4,3,No,3,No
332,43,Sales,Associate,96221,11,24,3,4,4,No,0,No
333,35,IT,Lead,109080,9,4,4,3,2,No,2,No
334,48,Sales,Lead,25451,11,19,2,1,4,No,3,No
335,54,R&D,Executive,107178,10,26,1,4,1,Yes,3,Yes
336,22,IT,Manager,61316,14,11,3,1,1,No,5,No
337,52,Sales,Manager,83064,15,11,1,4,2,No,5,No
338,43,IT,Associate,83761,16,3,2,1,1,Yes,0,Yes
339,42,IT,Associate,125490,1,12,2,3,4,No,4,No
340,45,R&D,Associate,58870,17,3,1,2,3,Yes,2,Yes
341,42,Sales,Manager,116566,11,27,3,1,2,No,5,No
342,42,Sales,Analyst,143749,18,2,2,2,1,No,2,Yes
343,26,HR,Lead,143765,22,16,4,1,4,Yes,0,No
344,35,Finance,Analyst,144881,17,2,2,1,4,No,5,No
345,57,HR,Analyst,50873,16,30,3,1,1,Yes,5,No
346,53,Sales,Manager,148389,5,20,2,1,4,No,4,No
347,28,HR,Analyst,78627,24,38,1,1,4,Yes,2,Yes
348,25,R&D,Executive,86155,14,28,2,2,2,No,2,Yes
349,59,IT,Associate,119186,2,25,2,1,4,No,2,No
350,24,Sales,Executive,45372,5,32,3,2,1,No,4,No
351,26,IT,Lead,23642,2,10,1,3,2,No,5,No
352,52,R&D,Associate,149148,0,33,3,4,1,No,0,No
353,50,Finance,Analyst,48001,12,13,2,1,3,No,2,No
354,55,R&D,Lead,54064,20,37,4,4,1,No,3,No
355,36,HR,Associate,114826,13,16,2,2,1,No,4,No
356,33,Finance,Analyst,34122,12,22,3,3,2,No,1,No
357,50,Sales,Executive,44820,3,20,4,3,4,Yes,0,No
358,39,Finance,Associate,88431,6,27,3,3,1,No,3,No
359,37,IT,Analyst,75745,21,16,3,4,2,Yes,2,No
360,39,Sales,Executive,70081,9,34,1,2,3,No,1,No
361,48,R&D,Lead,90902,6,32,4,1,2,No,0,No
362,46,IT,Lead,28711,20,26,2,1,2,No,4,Yes
363,57,Sales,Lead,105132,14,25,3,2,4,Yes,1,No
364,46,HR,Lead,38793,14,2,2,4,1,Yes,5,No
365,43,R&D,Manager,28199,3,12,1,1,3,No,1,Yes
366,29,HR,Associate,96253,22,9,1,2,2,No,3,No
367,32,Sales,Associate,56191,22,12,4,1,1,No,0,No
368,21,Finance,Manager,30211,5,26,1,3,1,No,3,Yes
369,21,Finance,Analyst,131086,23,9,1,1,2,No,3,No
370,54,Finance,Analyst,83069,19,10,2,4,1,No,2,No
371,52,IT,Lead,108896,4,32,1,2,2,Yes,4,Yes
372,45,Sales,Executive,76746,19,34,1,4,2,No,1,No
373,21,IT,Analyst,41542,11,20,3,2,2,Yes,0,No
374,36,Sales,Executive,51312,0,39,1,3,3,No,5,No
375,59,Sales,Associate,65242,7,2,3,2,2,Yes,4,No
376,25,R&D,Executive,121971,0,1,1,1,4,No,4,Yes
377,42,R&D,Associate,113783,4,36,1,1,1,Yes,0,Yes
378,49,IT,Manager,145681,21,24,4,3,3,Yes,4,No
379,23,IT,Manager,107893,5,27,4,2,1,No,2,No
380,32,R&D,Lead,75388,20,2,3,3,3,Yes,4,No
381,46,Sales,Analyst,126581,2,31,1,1,4,Yes,2,Yes
382,36,Finance,Lead,47691,14,14,2,4,3,No,1,No
383,57,R&D,Associate,97960,4,2,4,3,3,Yes,1,No
384,42,R&D,Lead,104388,23,29,2,4,3,Yes,3,No
385,49,Sales,Executive,42601,13,15,4,4,1,No,2,No
386,34,IT,Associate,138307,17,12,4,2,2,No,5,No
387,48,IT,Manager,38020,15,37,1,3,1,No,1,No
388,25,Sales,Analyst,28155,5,28,4,4,2,No,4,No
389,50,Sales,Associate,89119,24,20,2,4,1,No,0,No
390,25,IT,Associate,101051,23,39,4,2,4,Yes,0,Yes
391,32,IT,Executive,56777,13,24,3,2,4,No,2,No
392,36,Sales,Analyst,39710,23,21,1,1,3,No,5,Yes
393,46,Finance,Manager,128714,7,10,1,4,4,No,3,No
394,46,Sales,Associate,44532,6,14,3,1,3,No,4,No
395,41,R&D,Associate,148727,7,37,3,4,2,Yes,2,No
396,59,Finance,Executive,38601,12,18,3,1,4,No,0,No
397,56,R&D,Lead,83227,5,24,4,2,2,No,2,No
398,53,HR,Manager,24967,17,14,1,3,1,No,4,No
399,50,R&D,Analyst,104289,1,34,3,2,2,Yes,5,Yes
400,57,Sales,Associate,40022,7,12,4,1,1,Yes,5,No
401,43,Finance,Associate,63463,10,22,3,1,2,Yes,1,No
402,30,R&D,Manager,94671,0,6,2,3,2,No,4,No
403,25,Finance,Lead,25722,21,36,2,4,4,Yes,1,Yes
404,56,Sales,Associate,47413,5,36,1,1,2,Yes,1,Yes
405,54,Sales,Manager,112772,15,22,4,1,4,No,1,No
406,51,Sales,Executive,101050,19,14,2,1,4,Yes,2,Yes
407,30,IT,Lead,129432,11,16,2,3,3,No,0,No
408,39,R&D,Analyst,122748,10,36,4,2,3,No,5,No
409,52,Finance,Associate,125922,9,25,3,1,1,No,2,No
410,21,R&D,Manager,105867,2,32,4,3,2,No,0,No
411,25,Finance,Executive,103596,12,33,3,1,1,No,5,No
412,24,Sales,Analyst,86732,2,36,2,4,2,No,4,No
413,36,Finance,Manager,32297,14,20,2,3,3,Yes,5,Yes
414,44,IT,Manager,88323,15,18,2,1,3,Yes,5,Yes
415,36,IT,Analyst,43816,12,38,1,3,2,Yes,5,Yes
416,22,IT,Executive,144341,16,3,1,1,2,No,3,No
417,48,IT,Executive,60695,2,23,1,2,3,No,4,Yes
418,52,HR,Lead,39702,19,32,4,1,3,No,2,No
419,47,Sales,Associate,45242,10,16,2,3,1,No,2,No
420,40,Sales,Analyst,75841,20,5,2,4,3,Yes,0,No
421,44,Finance,Analyst,148498,18,4,4,4,2,No,2,No
422,32,HR,Analyst,87712,21,21,1,4,1,No,1,No
423,55,IT,Executive,105663,10,14,4,1,2,Yes,5,No
424,53,R&D,Associate,127096,15,39,1,2,4,No,2,Yes
425,53,Sales,Lead,112764,20,31,2,1,1,Yes,0,Yes
426,57,Sales,Manager,73574,2,14,3,4,2,No,0,No
427,32,IT,Manager,105744,21,6,1,3,3,No,1,No
428,23,R&D,Analyst,48482,5,12,2,4,4,Yes,0,Yes
429,21,Sales,Associate,29171,13,16,2,3,2,No,3,No
430,53,R&D,Executive,120755,23,17,3,2,1,No,5,No
431,30,Sales,Associate,118932,17,23,2,3,2,No,5,No
432,49,HR,Associate,128125,16,14,2,1,4,No,5,No
433,33,Sales,Executive,126082,3,7,1,1,1,Yes,4,No
434,32,IT,Analyst,23696,22,32,1,1,4,No,2,Yes
435,51,R&D,Associate,146310,14,15,3,3,2,No,3,No
436,22,R&D,Manager,40058,10,17,3,1,3,No,2,No
437,55,Sales,Executive,40313,2,34,2,1,3,Yes,3,Yes
438,43,Sales,Lead,39149,2,5,1,1,2,No,2,Yes
439,37,R&D,Analyst,73521,15,27,3,2,2,No,1,No
440,46,R&D,Executive,65740,4,23,3,3,2,Yes,0,No
441,28,HR,Lead,126611,20,14,4,3,1,No,0,No
442,49,Sales,Lead,24956,9,15,3,4,4,Yes,1,No
443,46,IT,Associate,95731,18,33,2,3,4,No,3,No
444,30,Finance,Associate,102612,24,31,1,2,4,Yes,4,Yes
445,46,IT,Associate,137850,3,35,3,3,2,No,3,No
446,54,Sales,Executive,86641,18,17,4,2,4,No,0,No
447,27,R&D,Executive,83811,10,28,1,2,2,No,4,No
448,24,Sales,Analyst,72160,1,19,3,3,1,No,2,No
449,31,Sales,Associate,71313,9,23,4,4,3,No,4,No
450,49,Finance,Lead,83232,10,32,3,1,2,No,3,No
451,56,Sales,Manager,35417,24,13,1,1,2,Yes,1,Yes
452,45,R&D,Analyst,44729,19,20,1,3,3,Yes,2,Yes
453,41,HR,Executive,132492,15,35,1,3,3,No,3,No
454,56,IT,Analyst,50099,18,5,2,2,1,Yes,2,Yes
455,30,HR,Analyst,138387,22,9,3,3,4,No,4,No
456,57,Sales,Analyst,118134,23,29,2,2,2,No,0,No
457,29,R&D,Analyst,49961,10,6,1,4,4,Yes,3,No
458,44,R&D,Manager,32602,13,25,4,3,2,No,1,No
459,55,Sales,Associate,138474,1,31,3,1,1,No,4,No
460,55,R&D,Lead,29256,22,22,2,1,3,No,3,Yes
461,56,Sales,Analyst,106120,4,2,3,3,1,No,1,No
462,38,Sales,Analyst,132516,4,5,4,2,3,No,3,No
463,59,R&D,Analyst,54681,18,27,2,1,4,Yes,4,Yes
464,52,Sales,Associate,111328,20,25,1,2,4,No,3,No
465,44,HR,Executive,107440,11,8,2,3,1,No,2,No
466,43,IT,Executive,84789,17,1,3,3,3,No,4,No
467,52,IT,Manager,63361,3,20,3,1,1,Yes,3,Yes
468,57,Sales,Executive,84503,21,23,3,3,3,Yes,0,No
469,32,Sales,Analyst,54540,16,32,3,4,3,No,3,No
470,33,Sales,Analyst,46536,9,11,1,4,4,No,2,No
471,43,HR,Analyst,104700,19,39,2,1,4,No,1,Yes
472,45,IT,Manager,83043,5,24,1,4,3,No,1,No
473,55,Sales,Analyst,98532,24,11,1,2,3,No,1,No
474,50,Finance,Executive,76575,13,29,1,1,3,No,0,Yes
475,37,Sales,Associate,147626,10,26,3,1,4,Yes,2,No
476,40,R&D,Associate,22871,10,16,3,2,4,Yes,4,No
477,45,IT,Lead,66002,17,35,3,4,2,Yes,1,No
478,42,Finance,Executive,69812,22,20,2,4,3,No,2,No
479,33,IT,Analyst,42626,21,3,4,4,2,No,3,No
480,39,IT,Associate,79979,17,1,3,1,3,No,0,No
481,56,R&D,Executive,96057,23,1,2,1,4,No,2,No
482,32,IT,Associate,146834,22,17,3,4,2,No,2,No
483,39,Sales,Analyst,128946,10,2,3,3,2,No,4,No
484,32,Finance,Associate,86668,20,29,1,4,1,No,2,No
485,29,R&D,Lead,119003,11,20,1,2,3,Yes,4,Yes
486,27,IT,Lead,100070,4,6,1,1,4,Yes,0,Yes
487,48,R&D,Associate,109390,22,8,2,2,1,No,0,No
488,34,HR,Executive,62998,8,29,4,2,1,No,3,No
489,51,R&D,Executive,83814,24,33,4,1,3,No,4,No
490,39,IT,Executive,124601,8,3,2,3,1,No,4,No
491,36,Sales,Associate,65607,21,35,3,4,3,No,1,No
492,25,Sales,Executive,27812,9,5,2,2,1,Yes,1,Yes
493,55,Sales,Analyst,81844,21,27,3,1,3,Yes,3,No
494,32,Sales,Lead,90093,18,12,2,2,4,Yes,0,Yes
495,45,Finance,Analyst,22179,0,20,2,4,3,No,5,No
496,41,Sales,Executive,63798,6,20,2,3,3,Yes,1,Yes
497,56,Finance,Analyst,94601,3,9,4,3,2,No,2,No
498,43,R&D,Executive,28275,0,39,1,3,4,No,0,Yes
499,36,Sales,Associate,70574,14,4,2,1,4,No,5,No
500,59,IT,Analyst,67857,7,19,4,1,4,Yes,2,No
501,59,IT,Associate,145555,11,38,1,3,1,No,4,No
502,34,R&D,Associate,121484,21,27,1,4,2,No,0,No
503,51,HR,Manager,40700,21,13,2,4,4,No,3,No
504,25,IT,Executive,146855,17,13,3,1,1,No,4,No
505,55,Sales,Lead,59464,14,22,3,3,1,Yes,4,No
506,43,Finance,Executive,62351,16,28,3,4,1,No,2,No
507,49,Finance,Lead,113330,13,22,2,4,2,No,4,No
508,31,IT,Executive,114319,13,19,3,4,1,No,1,No
509,38,Sales,Associate,102534,17,8,4,1,2,No,0,No
510,32,IT,Analyst,33869,19,8,4,3,3,No,1,No
511,29,Sales,Analyst,80315,17,26,4,2,1,Yes,2,No
512,30,Sales,Manager,130061,15,26,4,3,4,No,5,No
513,37,Sales,Lead,113688,0,23,1,3,1,No,2,No
514,58,R&D,Lead,40954,22,13,4,1,3,No,0,No
515,27,Finance,Lead,51555,10,28,3,4,3,No,4,No
516,33,IT,Associate,83353,14,9,2,4,1,No,3,No
517,29,IT,Lead,102190,11,20,3,1,3,No,2,No
518,47,R&D,Analyst,65026,7,19,4,1,2,Yes,0,No
519,22,R&D,Associate,120772,21,39,1,1,2,No,3,Yes
520,25,R&D,Executive,66976,19,12,4,1,1,No,4,No
521,49,Finance,Lead,100578,5,15,2,1,2,No,5,No
522,57,Sales,Lead,111502,2,31,3,2,2,No,2,No
523,58,Finance,Executive,133943,23,14,2,3,4,No,5,No
524,39,HR,Lead,129850,12,11,2,3,1,Yes,0,No
525,28,R&D,Executive,65095,12,26,2,3,3,No,5,No
526,21,IT,Associate,34270,1,27,3,4,1,No,5,No
527,42,R&D,Analyst,50908,4,11,4,2,2,No,0,No
528,37,Finance,Executive,35523,16,38,2,3,4,No,0,No
529,27,Finance,Manager,82433,5,34,3,4,1,No,2,No
530,45,R&D,Executive,67068,1,19,1,2,1,Yes,5,Yes
531,24,Sales,Lead,39991,3,6,3,2,2,No,3,No
532,56,HR,Associate,30775,21,38,1,4,2,No,0,No
533,26,Finance,Associate,97801,10,28,3,2,1,Yes,4,Yes
534,51,Sales,Executive,104995,7,1,4,4,2,Yes,5,No
535,39,HR,Analyst,81250,11,35,2,3,2,No,0,No
536,59,HR,Manager,36673,7,8,4,4,2,Yes,3,No
537,47,IT,Associate,142808,10,7,3,2,2,No,2,No
538,30,Sales,Lead,47056,21,11,2,3,2,Yes,5,No
539,46,IT,Lead,26614,19,39,1,3,4,Yes,0,Yes
540,39,Finance,Analyst,121556,7,4,3,1,2,No,0,No
541,59,Sales,Associate,27415,7,25,2,1,3,No,4,Yes
542,23,Sales,Executive,108691,16,12,1,2,1,No,4,No
543,33,Finance,Lead,134966,19,26,1,4,4,No,5,No
544,48,Sales,Analyst,63884,19,38,4,4,4,No,0,No
545,40,Finance,Associate,36964,22,12,3,2,2,No,5,No
546,48,R&D,Associate,57726,15,37,1,3,1,No,0,No
547,28,Sales,Associate,143133,13,24,2,2,3,No,4,No
548,59,Finance,Associate,57044,10,16,1,2,2,Yes,3,Yes
549,21,R&D,Associate,77149,6,13,1,3,1,Yes,1,Yes
550,23,R&D,Lead,57544,15,25,4,4,2,No,1,No
551,33,R&D,Analyst,69976,12,4,4,2,2,No,0,No
552,48,HR,Associate,52252,14,11,2,4,2,Yes,4,No
553,45,Sales,Manager,23832,23,32,4,2,2,Yes,2,Yes
554,53,R&D,Manager,110811,15,7,1,3,2,Yes,2,No
555,58,Finance,Analyst,100437,20,11,1,3,2,No,1,No
556,26,Sales,Executive,123749,22,28,4,1,2,No,3,No
557,52,IT,Executive,54148,23,23,1,3,3,Yes,1,No
558,41,R&D,Executive,81240,8,23,1,1,4,No,0,Yes
559,36,IT,Manager,128169,2,28,2,2,3,No,3,No
560,41,Sales,Executive,145607,18,26,4,4,2,No,2,No
561,31,Finance,Lead,108454,19,25,1,3,2,Yes,4,No
562,57,R&D,Associate,132230,4,29,4,3,3,No,4,No
563,56,Sales,Manager,148933,9,19,2,3,3,No,0,No
564,55,Sales,Analyst,105076,16,33,4,2,4,No,1,No
565,39,Sales,Analyst,97116,14,36,1,1,3,Yes,0,Yes
566,40,R&D,Associate,73459,22,14,4,2,4,No,4,No
567,38,R&D,Manager,58402,24,14,1,4,2,No,2,No
568,34,IT,Executive,77727,7,35,1,2,1,No,4,Yes
569,35,R&D,Executive,58578,14,30,1,4,1,Yes,3,Yes
570,51,Sales,Lead,110453,20,28,2,3,1,No,5,No
571,21,HR,Lead,42318,13,17,4,4,1,Yes,4,No
572,23,IT,Executive,95715,19,3,2,4,2,No,4,No
573,36,Sales,Analyst,97787,6,16,4,1,1,No,5,No
574,43,Sales,Analyst,131435,20,30,2,4,3,No,3,No
575,31,Sales,Lead,105029,22,29,3,4,3,No,1,No
576,32,IT,Associate,40466,11,15,1,2,1,No,4,No
577,30,IT,Executive,115742,16,25,1,3,3,No,0,No
578,52,R&D,Lead,65475,16,38,2,2,4,No,4,No
579,36,IT,Lead,80142,9,38,3,2,2,Yes,0,No
580,28,IT,Executive,105160,18,23,1,3,1,No,3,No
581,58,HR,Executive,46564,13,25,4,3,1,No,4,No
582,32,Finance,Analyst,42412,10,7,2,4,2,No,3,No
583,44,Sales,Associate,113526,1,22,1,4,3,No,3,No
584,48,Sales,Associate,71001,17,17,1,1,2,No,1,No
585,28,Sales,Executive,77649,6,18,2,2,2,No,4,No
586,48,Sales,Manager,80957,11,10,2,3,3,No,0,No
587,56,R&D,Lead,55517,1,10,4,4,2,No,0,No
588,46,Finance,Lead,33156,19,7,4,3,3,No,4,No
589,28,Sales,Executive,43064,17,38,1,4,3,No,5,No
590,48,Sales,Manager,45711,5,27,1,1,2,Yes,1,Yes
591,48,R&D,Analyst,50106,23,33,2,1,4,Yes,1,Yes
592,57,Finance,Executive,85458,9,1,1,3,3,No,1,No
593,56,R&D,Executive,36589,19,34,1,1,2,No,0,Yes
594,47,R&D,Lead,109272,14,4,2,3,3,No,3,No
595,37,Sales,Executive,106511,4,17,1,4,4,No,5,No
596,29,Sales,Executive,121754,19,4,1,2,4,Yes,1,Yes
597,53,Finance,Executive,27214,2,26,3,1,1,No,0,No
598,40,Finance,Lead,116117,4,4,4,4,3,Yes,0,No
599,33,Sales,Analyst,105731,24,1,2,2,3,Yes,3,Yes
600,48,Finance,Analyst,130118,7,7,3,2,2,No,4,No
601,49,HR,Executive,146479,7,30,4,2,3,Yes,4,Yes
602,33,Finance,Lead,47127,7,9,4,4,1,No,1,No
603,55,R&D,Analyst,25141,11,35,4,4,4,No,1,No
604,26,R&D,Analyst,48884,23,8,3,3,4,No,5,No
605,38,R&D,Analyst,110421,22,24,3,2,1,Yes,3,No
606,25,IT,Lead,22708,7,19,4,2,3,No,1,No
607,45,Sales,Lead,38375,10,36,1,2,3,Yes,3,Yes
608,22,Sales,Executive,35088,13,27,1,3,1,No,0,No
609,30,R&D,Associate,77615,7,32,3,2,2,No,1,No
610,50,IT,Analyst,130138,23,14,3,4,4,No,0,No
611,25,Sales,Associate,65046,9,18,3,2,1,Yes,2,No
612,53,IT,Lead,30014,6,28,4,1,1,No,3,No
613,21,Finance,Lead,84425,16,29,1,4,3,No,2,No
614,38,Sales,Lead,23273,3,16,3,3,4,Yes,1,No
615,52,IT,Associate,67135,12,35,3,2,3,No,0,No
616,31,R&D,Lead,122842,3,31,2,1,1,No,1,No
617,41,Finance,Executive,50881,4,4,4,3,2,Yes,2,No
618,46,Sales,Lead,117022,21,37,2,3,4,Yes,1,Yes
619,45,IT,Manager,98077,3,17,1,4,1,No,5,No
620,42,IT,Associate,28712,17,39,2,3,1,Yes,4,Yes
621,47,Finance,Manager,94704,5,26,2,3,2,Yes,2,No
622,33,IT,Lead,72874,23,39,2,3,1,No,1,No
623,53,R&D,Executive,89087,23,4,4,3,1,No,0,No
624,54,HR,Analyst,32297,22,30,1,2,4,No,1,Yes
625,55,Finance,Lead,129269,21,30,2,2,4,No,0,Yes
626,21,HR,Executive,47128,1,22,4,2,4,No,4,No
627,41,Sales,Associate,88368,22,11,1,2,3,Yes,1,Yes
628,26,Finance,Manager,114019,10,2,3,1,2,No,4,No
629,48,IT,Manager,107599,13,12,2,2,4,No,2,Yes
630,37,IT,Manager,108499,4,30,1,3,3,Yes,0,No
631,25,Sales,Associate,98958,5,36,2,2,3,No,5,Yes
632,51,IT,Executive,52920,9,18,3,2,2,No,2,No
633,25,R&D,Associate,140442,7,26,1,4,2,Yes,0,Yes
634,58,IT,Manager,31156,13,7,4,3,1,Yes,4,No
635,23,Sales,Lead,31108,23,1,1,2,3,No,3,Yes
636,43,IT,Analyst,51845,2,26,4,2,4,No,1,No
637,57,Finance,Associate,22800,11,23,1,2,2,No,4,Yes
638,57,Sales,Associate,148832,15,26,4,1,3,No,0,No
639,30,Finance,Executive,123614,22,6,3,2,4,Yes,0,No
640,30,R&D,Executive,62712,16,6,3,4,3,Yes,0,No
641,39,Finance,Associate,22610,0,8,3,3,2,Yes,0,Yes
642,37,IT,Manager,97603,22,24,1,3,1,Yes,1,Yes
643,41,HR,Analyst,53872,9,22,3,2,3,Yes,2,No
644,34,IT,Executive,30728,24,19,2,2,4,No,5,Yes
645,29,Finance,Manager,115102,22,37,3,2,2,No,3,No
646,21,R&D,Lead,115319,9,18,4,3,1,No,1,No
647,33,R&D,Executive,142049,20,31,4,3,4,Yes,0,No
648,24,IT,Manager,40583,23,37,4,1,4,No,1,No
649,21,IT,Manager,105774,1,30,1,4,4,No,4,No
650,52,IT,Analyst,27263,8,33,2,1,3,Yes,5,Yes
651,54,IT,Analyst,146374,21,10,3,4,2,No,0,No
652,48,R&D,Lead,87450,12,37,2,1,4,No,3,Yes
653,51,IT,Manager,109285,24,12,2,3,3,Yes,0,No
654,28,Sales,Manager,39456,15,30,4,1,2,No,5,No
655,59,R&D,Analyst,111118,17,27,4,4,2,Yes,3,No
656,46,Sales,Executive,85942,18,39,4,2,3,No,5,No
657,54,R&D,Executive,33689,11,9,1,4,3,No,3,No
658,23,R&D,Associate,52934,7,21,2,2,4,No,2,No
659,32,R&D,Analyst,53276,16,12,2,3,2,Yes,2,No
660,21,IT,Associate,136349,14,29,1,4,1,No,1,No
661,25,R&D,Analyst,149336,9,33,1,1,3,No,1,Yes
662,50,R&D,Lead,121968,14,15,1,4,2,No,3,No
663,50,Sales,Manager,39873,14,2,2,2,2,No,0,No
664,37,R&D,Lead,33050,22,39,2,3,4,No,4,Yes
665,43,Sales,Analyst,86216,6,18,4,1,1,No,4,No
666,35,Sales,Manager,104444,12,3,4,4,4,No,0,No
667,57,HR,Executive,104040,16,7,2,2,1,No,0,No
668,41,IT,Executive,41644,8,18,4,1,1,No,2,No
669,34,HR,Associate,82021,7,38,1,3,3,No,4,No
670,22,R&D,Analyst,57125,19,37,3,1,2,No,3,No
671,31,R&D,Analyst,86899,20,33,4,3,2,No,5,No
672,59,Finance,Executive,62291,17,31,2,1,2,No,1,No
673,58,R&D,Lead,55060,12,11,4,4,1,No,5,No
674,54,R&D,Manager,21538,15,4,4,2,2,No,2,No
675,58,Sales,Lead,56176,8,18,4,4,3,Yes,4,No
676,54,R&D,Lead,142430,11,4,3,4,1,No,0,No
677,38,R&D,Executive,61520,11,34,1,3,1,No,4,No
678,50,R&D,Executive,45675,5,29,2,3,1,Yes,3,No
679,35,HR,Executive,38287,18,24,3,3,1,No,2,No
680,47,R&D,Associate,20174,6,22,2,4,3,Yes,0,No
681,54,HR,Lead,112268,24,2,2,1,2,Yes,5,Yes
682,58,IT,Analyst,54998,2,6,2,1,3,Yes,3,Yes
683,53,IT,Manager,122591,15,25,3,4,2,No,5,No
684,44,IT,Associate,73312,17,21,1,4,3,No,1,No
685,35,Finance,Analyst,32112,15,16,2,2,4,No,2,Yes
686,50,Sales,Lead,125410,22,31,1,3,4,No,3,No
687,37,Sales,Executive,95225,6,14,1,3,4,No,3,No
688,25,Sales,Lead,64814,3,39,4,4,4,No,5,No
689,49,HR,Manager,105091,24,28,3,4,1,No,0,No
690,24,Finance,Associate,70719,7,32,3,1,1,No,1,No
691,30,Sales,Associate,149887,12,28,4,4,3,Yes,5,No
692,37,Finance,Manager,53919,12,9,4,1,3,Yes,3,No
693,30,Sales,Analyst,93155,16,22,1,4,4,No,2,No
694,37,Finance,Analyst,91569,16,32,2,2,2,No,3,Yes
695,40,R&D,Associate,61328,4,5,3,2,4,Yes,4,No
696,44,Sales,Associate,90482,5,23,2,1,3,Yes,2,Yes
697,25,R&D,Executive,44618,18,5,2,3,4,No,2,No
698,54,Sales,Analyst,54675,12,32,4,2,3,No,3,No
699,26,Sales,Manager,121794,24,10,2,1,4,No,0,No
700,22,R&D,Analyst,38919,13,39,1,4,2,No,2,No
701,33,IT,Executive,24173,21,15,4,4,4,No,4,No
702,31,R&D,Associate,129369,3,7,2,1,2,No,5,No
703,43,R&D,Associate,46400,6,29,4,3,2,No,0,No
704,36,HR,Executive,70445,7,3,1,1,3,Yes,0,Yes
705,51,IT,Manager,90305,24,19,1,1,2,No,0,No
706,31,Sales,Associate,57564,12,10,2,2,1,Yes,2,No
707,36,R&D,Lead,65814,5,28,4,1,1,Yes,0,Yes
708,28,Sales,Associate,99747,5,29,2,1,1,No,3,No
709,24,Sales,Lead,108791,23,15,2,4,3,No,0,No
710,24,IT,Executive,47962,20,35,4,2,1,No,4,No
711,45,Sales,Executive,104892,2,6,2,4,3,Yes,1,No
712,23,R&D,Associate,105842,2,12,1,4,3,No,4,No
713,52,IT,Analyst,90533,12,38,4,3,1,No,2,No
714,23,Sales,Lead,76184,21,13,4,3,2,No,0,No
715,47,HR,Manager,102912,1,29,4,2,4,Yes,0,Yes
716,49,Sales,Associate,126416,15,19,4,2,3,No,3,No
717,52,Finance,Manager,123591,21,3,2,3,1,No,5,No
718,39,R&D,Associate,30578,5,8,2,3,3,Yes,0,Yes
719,41,IT,Analyst,38624,7,8,1,3,2,No,4,No
720,25,HR,Analyst,136164,22,20,3,3,2,No,2,No
721,38,Sales,Analyst,59194,7,4,3,3,1,Yes,1,No
722,48,HR,Analyst,129903,24,21,1,4,3,Yes,0,Yes
723,42,Finance,Executive,20389,5,3,3,2,4,Yes,1,Yes
724,41,HR,Executive,119303,13,8,1,4,4,No,0,No
725,26,IT,Lead,131116,2,23,2,4,3,Yes,2,Yes
726,21,Finance,Manager,133903,9,16,4,1,3,No,5,No
727,25,Sales,Associate,87391,2,13,4,4,3,No,4,No
728,32,Sales,Associate,126429,11,3,2,3,1,No,2,No
729,46,HR,Executive,33794,16,9,4,3,2,Yes,1,No
730,54,R&D,Associate,78002,4,14,4,1,4,Yes,0,No
731,34,IT,Executive,55531,19,13,3,1,1,No,1,No
732,46,Finance,Lead,72815,24,7,2,1,3,No,4,No
733,47,R&D,Manager,24986,8,15,3,1,3,No,2,No
734,29,Sales,Lead,52298,20,7,3,1,2,Yes,1,No
735,46,IT,Analyst,21481,19,38,4,4,3,No,1,No
736,42,Sales,Analyst,76408,6,34,4,1,1,No,4,No
737,50,IT,Analyst,89267,21,22,2,4,1,Yes,0,No
738,37,R&D,Lead,141950,3,24,4,2,2,No,1,No
739,46,IT,Associate,36835,12,37,4,1,1,No,4,No
740,56,Sales,Manager,145355,12,1,2,1,4,Yes,0,Yes
741,21,HR,Analyst,47798,9,10,4,4,1,No,5,No
742,28,R&D,Analyst,111649,17,16,3,2,1,No,0,No
743,55,HR,Analyst,84887,16,8,2,4,1,Yes,5,No
744,35,Sales,Manager,39477,19,25,4,4,4,No,2,No
745,42,IT,Analyst,37266,19,12,1,1,3,No,4,No
746,34,Finance,Manager,106328,12,25,2,3,1,No,0,No
747,46,Sales,Analyst,105988,16,17,2,3,2,Yes,5,No
748,48,Sales,Lead,147815,21,26,1,4,4,No,5,No
749,43,Sales,Lead,63526,3,14,4,1,2,No,2,No
750,34,HR,Manager,137965,0,36,4,2,1,No,3,No
751,44,HR,Lead,134615,0,23,2,3,2,Yes,4,Yes
752,22,R&D,Manager,126870,14,6,2,2,1,No,3,No
753,46,Sales,Lead,147426,12,5,4,3,4,No,0,No
754,34,R&D,Lead,31889,16,25,4,1,2,No,4,No
755,27,HR,Manager,44335,23,18,3,4,2,No,2,No
756,23,R&D,Associate,31254,7,13,2,2,1,Yes,0,Yes
757,43,Finance,Lead,106610,17,14,2,2,1,Yes,4,Yes
758,38,Sales,Analyst,31442,12,28,1,4,3,No,4,No
759,58,IT,Associate,66289,22,18,3,2,1,Yes,3,No
760,55,R&D,Manager,73747,13,28,4,3,1,No,0,No
761,35,R&D,Associate,57327,7,27,3,4,3,Yes,2,No
762,45,IT,Executive,36199,7,32,4,3,1,No,2,No
763,57,IT,Executive,92827,14,9,4,3,1,No,0,No
764,48,Finance,Lead,126464,12,32,3,1,3,No,0,No
765,30,Sales,Lead,20112,6,20,2,3,4,No,5,No
766,59,Sales,Analyst,107051,4,28,4,1,4,Yes,1,No
767,37,IT,Associate,39581,16,33,3,2,1,No,3,No
768,59,HR,Executive,134228,24,4,1,2,1,Yes,0,Yes
769,42,Sales,Lead,79722,15,34,3,1,3,No,0,No
770,46,Sales,Associate,112036,22,3,1,3,3,No,1,No
771,45,Sales,Lead,117562,1,26,4,4,4,No,1,No
772,37,Finance,Lead,36523,21,8,3,4,2,No,4,No
773,33,Sales,Executive,86960,17,6,3,1,1,No,2,No
774,40,R&D,Executive,137637,16,16,1,2,2,No,3,Yes
775,45,Sales,Lead,39552,6,24,3,2,2,No,4,No
776,24,R&D,Manager,143396,12,39,3,4,3,No,0,No
777,30,Sales,Lead,30808,17,30,4,1,1,Yes,1,Yes
778,23,R&D,Lead,124347,13,13,3,4,1,No,5,No
779,38,Sales,Analyst,92525,17,5,2,3,3,No,2,No
780,56,IT,Analyst,43620,12,25,1,3,2,Yes,4,Yes
781,42,Sales,Analyst,124565,10,20,3,1,3,Yes,5,No
782,54,R&D,Manager,20887,20,18,1,1,4,Yes,2,Yes
783,28,Finance,Manager,51802,20,18,1,3,1,No,5,No
784,39,IT,Lead,105024,15,2,1,2,4,Yes,1,Yes
785,57,R&D,Analyst,115549,22,10,3,1,3,Yes,4,No
786,26,R&D,Manager,134737,16,12,3,3,1,Yes,4,No
787,46,R&D,Executive,138639,7,13,1,3,4,No,2,No
788,54,IT,Lead,138248,18,11,2,2,4,No,5,No
789,26,Finance,Associate,101938,19,19,1,2,2,No,1,No
790,57,IT,Lead,106741,14,35,2,2,1,No,0,Yes
791,53,HR,Associate,141028,8,39,1,2,4,No,4,No
792,42,IT,Analyst,142746,19,26,4,4,4,Yes,0,No
793,41,R&D,Associate,46049,9,14,1,2,2,Yes,1,No
794,26,Sales,Analyst,97789,11,24,1,4,4,Yes,4,Yes
795,26,HR,Executive,104526,20,1,3,1,4,Yes,4,No
796,24,Finance,Associate,27846,22,22,2,3,4,No,5,No
797,50,Sales,Lead,110563,19,23,4,4,2,No,0,No
798,31,IT,Analyst,124736,0,19,2,1,4,No,5,Yes
799,50,Sales,Lead,66220,24,18,4,1,4,No,3,No
800,51,R&D,Manager,66163,19,12,1,4,1,No,0,No
801,44,Sales,Analyst,23765,8,28,3,1,1,Yes,0,Yes
802,29,R&D,Associate,137126,21,28,3,1,2,Yes,3,Yes
803,23,IT,Analyst,101486,14,33,2,4,3,No,1,No
804,51,R&D,Lead,65270,0,19,3,1,1,No,1,No
805,57,IT,Executive,95277,11,28,2,2,2,Yes,4,Yes
806,56,IT,Analyst,108278,2,37,2,2,4,No,2,No
807,44,Finance,Associate,146354,10,26,4,3,4,No,5,No
808,51,Sales,Manager,110239,1,35,2,1,2,No,2,Yes
809,26,R&D,Executive,124245,15,34,4,3,4,No,4,No
810,22,Sales,Manager,142332,8,35,3,2,4,No,2,No
811,40,Finance,Analyst,123159,14,16,2,2,3,Yes,0,Yes
812,48,Finance,Lead,42931,11,38,2,2,4,No,0,No
813,31,R&D,Lead,109116,0,13,1,1,1,Yes,3,Yes
814,24,IT,Associate,140599,12,23,2,1,4,No,3,Yes
815,35,R&D,Lead,75633,13,22,2,2,2,No,4,No
816,26,HR,Executive,100702,24,16,1,3,3,No,4,No
817,50,Sales,Lead,71913,24,28,1,3,4,No,4,No
818,58,IT,Associate,139144,7,35,3,4,2,No,0,No
819,22,Sales,Analyst,114776,7,8,2,2,1,No,2,No
820,35,IT,Analyst,45991,11,22,3,3,4,No,5,No
821,31,IT,Lead,141049,0,21,3,2,3,No,4,No
822,28,IT,Manager,74845,10,26,1,3,4,No,4,No
823,46,Sales,Analyst,124092,7,21,4,4,2,Yes,0,No
824,25,R&D,Lead,118505,9,25,3,4,3,No,5,No
825,26,Sales,Associate,75312,18,1,4,2,4,No,0,No
826,46,R&D,Lead,30561,10,6,2,3,1,Yes,5,Yes
827,24,Sales,Analyst,36901,6,23,1,1,3,Yes,0,Yes
828,39,Finance,Associate,126041,10,23,2,4,1,No,2,No
829,40,HR,Lead,115556,16,23,2,2,2,Yes,4,Yes
830,53,R&D,Executive,82875,0,32,1,2,4,No,1,Yes
831,40,R&D,Associate,45917,20,30,2,3,1,No,1,No
832,32,R&D,Executive,82120,20,13,1,2,2,No,4,No
833,21,HR,Manager,21988,7,18,4,4,4,Yes,4,No
834,46,R&D,Associate,133745,22,23,2,2,2,No,4,No
835,34,Finance,Executive,130041,23,15,1,2,1,No,4,No
836,58,R&D,Analyst,148467,5,33,3,1,2,No,5,No
837,57,Finance,Analyst,147400,21,21,2,1,3,No,2,Yes
838,31,Finance,Manager,34256,17,39,4,4,4,No,1,No
839,56,Sales,Associate,138490,5,23,1,3,2,No,3,No
840,33,Finance,Associate,107728,4,27,2,1,1,No,1,Yes
841,23,Sales,Associate,146155,12,18,2,3,4,No,1,No
842,53,IT,Manager,48230,18,24,2,4,3,No,0,Yes
843,26,R&D,Associate,125466,21,7,4,1,4,No,4,No
844,30,Finance,Analyst,79778,7,20,1,3,3,Yes,4,No
845,25,Finance,Executive,65833,8,27,3,1,4,Yes,4,Yes
846,43,IT,Analyst,42625,16,6,3,4,2,No,0,No
847,30,IT,Analyst,52088,2,27,3,4,2,No,2,No
848,22,R&D,Executive,99650,18,9,1,1,1,No,2,No
849,33,Sales,Analyst,61167,10,31,3,3,3,No,3,No
850,22,R&D,Manager,123937,23,21,4,2,1,Yes,2,No
851,40,Sales,Executive,91291,16,26,1,2,2,No,2,Yes
852,21,IT,Analyst,85303,20,13,2,1,3,Yes,4,Yes
853,57,R&D,Lead,96361,18,23,4,3,1,No,5,No
854,29,Finance,Analyst,108229,1,20,2,2,1,No,1,Yes
855,37,HR,Manager,24117,7,37,3,4,1,No,2,No
856,29,IT,Associate,110265,18,28,4,3,1,No,2,No
857,31,Sales,Analyst,148938,6,17,1,2,1,No,0,No
858,35,Finance,Associate,117718,16,28,4,3,3,No,3,No
859,44,Finance,Lead,80710,5,2,2,1,1,Yes,5,Yes
860,58,R&D,Analyst,114426,18,25,1,3,3,Yes,0,Yes
861,55,HR,Executive,114876,23,6,4,2,1,No,4,No
862,50,IT,Associate,87054,5,11,4,1,2,No,1,No
863,51,Sales,Lead,50949,1,38,4,3,2,No,3,No
864,25,R&D,Executive,42547,5,6,4,4,1,No,0,No
865,34,R&D,Executive,101882,22,11,1,2,4,No,2,No
866,31,Sales,Executive,88136,4,14,2,1,2,No,2,No
867,29,R&D,Executive,131541,18,2,4,3,3,No,3,No
868,54,Sales,Analyst,136883,19,3,1,4,1,Yes,2,No
869,32,Sales,Analyst,84619,3,35,2,2,3,Yes,0,Yes
870,55,Sales,Analyst,81842,21,33,4,4,4,No,0,No
871,55,Finance,Lead,114803,16,24,2,3,1,Yes,2,No
872,21,R&D,Lead,121858,10,19,2,3,2,Yes,2,No
873,42,Finance,Lead,46990,3,18,1,1,3,Yes,4,Yes
874,49,R&D,Manager,36193,12,24,2,4,2,No,1,No
875,28,R&D,Lead,50109,19,35,1,1,2,No,3,Yes
876,31,R&D,Analyst,39233,16,1,4,2,1,No,0,No
877,57,R&D,Analyst,133557,8,36,2,1,3,No,3,No
878,34,Sales,Manager,101730,3,25,2,2,4,No,4,Yes
879,50,HR,Manager,148133,22,34,3,3,2,No,0,No
880,55,Sales,Lead,54510,13,25,4,3,1,Yes,4,No
881,41,HR,Associate,21306,18,16,4,4,1,Yes,4,No
882,57,IT,Manager,23849,2,34,3,2,4,No,5,No
883,25,Sales,Executive,32360,13,29,3,3,1,No,2,No
884,39,Sales,Analyst,131072,7,19,1,4,2,No,5,No
885,34,IT,Executive,142207,23,23,1,4,1,No,3,No
886,46,R&D,Analyst,114767,0,19,2,1,3,No,3,Yes
887,24,Sales,Analyst,65800,9,25,2,4,3,Yes,2,No
888,45,Finance,Manager,148442,17,16,2,3,2,Yes,5,No
889,45,Sales,Manager,56963,15,9,2,1,3,Yes,3,Yes
890,38,IT,Executive,74330,7,1,1,2,4,Yes,5,Yes
891,28,Finance,Analyst,71707,0,19,4,2,1,No,2,No
892,59,Sales,Executive,38689,11,33,2,3,2,Yes,0,Yes
893,34,Sales,Associate,49084,7,34,4,3,4,Yes,4,No
894,52,Sales,Executive,60387,23,16,2,1,1,No,4,No
895,58,R&D,Lead,94816,15,18,3,1,4,No,5,No
896,53,Sales,Executive,22642,17,34,2,3,2,Yes,3,Yes
897,43,IT,Lead,62137,3,25,2,3,2,Yes,5,Yes
898,35,Sales,Lead,99832,5,6,2,2,4,No,5,Yes
899,53,R&D,Lead,75561,11,21,1,2,1,No,1,Yes
900,45,Finance,Associate,82260,8,6,3,2,3,No,4,No
901,37,IT,Executive,35438,14,32,2,3,3,No,2,No
902,53,HR,Executive,68442,15,39,2,4,4,No,5,No
903,22,R&D,Associate,123061,23,31,4,3,2,No,1,No
904,34,HR,Analyst,22994,11,10,3,3,1,No,1,No
905,59,R&D,Manager,143439,23,30,2,2,1,No,4,No
906,26,R&D,Executive,145844,22,18,4,3,2,Yes,4,No
907,26,Sales,Manager,133530,13,24,4,1,3,No,4,No
908,23,Finance,Associate,119575,12,9,1,3,1,No,2,No
909,27,R&D,Analyst,21813,24,31,4,3,4,Yes,1,No
910,28,Sales,Analyst,113027,1,15,2,3,3,No,3,No
911,35,R&D,Analyst,143489,2,4,1,3,4,Yes,2,Yes
912,49,R&D,Associate,104381,23,9,1,4,3,No,0,No
913,53,IT,Lead,138808,21,9,2,3,2,No,5,No
914,50,IT,Lead,75276,9,26,3,1,4,No,4,No
915,59,IT,Manager,61243,8,4,4,1,4,No,1,No
916,47,Sales,Lead,82912,19,17,1,3,2,Yes,5,No
917,56,R&D,Lead,80272,7,16,3,2,4,No,2,No
918,49,R&D,Analyst,122700,9,15,2,4,3,No,0,No
919,58,Sales,Analyst,62051,18,35,4,3,1,No,2,No
920,53,Sales,Manager,98854,2,5,4,3,1,No,2,No
921,57,IT,Executive,102736,23,5,1,3,2,No,3,No
922,47,Sales,Manager,141992,4,20,4,2,3,No,5,No
923,53,R&D,Manager,142019,2,15,4,2,4,Yes,3,No
924,24,Sales,Associate,85618,15,18,4,2,4,No,2,No
925,42,Sales,Associate,21920,16,2,4,4,1,No,0,No
926,22,Sales,Manager,126121,14,29,2,1,4,No,1,No
927,30,Finance,Manager,97219,2,13,3,4,1,Yes,1,No
928,25,IT,Manager,96872,11,4,2,2,2,Yes,5,Yes
929,30,Finance,Lead,101132,8,10,2,1,4,No,4,No
930,53,R&D,Associate,22093,20,31,1,1,3,No,4,Yes
931,58,Sales,Manager,32905,11,8,4,2,4,No,1,No
932,33,R&D,Analyst,141759,14,3,2,2,1,No,2,No
933,51,R&D,Analyst,44351,1,9,4,4,2,No,2,No
934,56,IT,Lead,50981,22,30,2,2,1,No,3,Yes
935,44,Sales,Lead,93903,17,11,2,1,4,Yes,5,Yes
936,35,R&D,Executive,90821,19,35,1,3,1,No,3,No
937,49,Sales,Executive,129200,11,37,3,2,1,Yes,4,Yes
938,28,R&D,Executive,123241,22,13,3,2,2,No,1,No
939,25,IT,Lead,102289,3,36,2,4,3,No,2,No
940,49,R&D,Lead,136506,22,13,1,4,4,No,1,No
941,24,R&D,Lead,104021,15,12,4,2,2,No,0,No
942,32,R&D,Analyst,98513,22,37,4,1,3,No,1,No
943,22,R&D,Lead,39874,15,10,2,1,1,No,0,Yes
944,47,IT,Analyst,70931,0,9,3,3,3,Yes,3,No
945,51,Finance,Executive,27674,21,7,1,2,1,No,3,No
946,56,Finance,Executive,70516,24,2,3,4,1,Yes,4,No
947,56,IT,Executive,141982,1,23,4,1,2,No,1,No
948,46,R&D,Manager,148408,2,39,3,3,1,Yes,1,No
949,47,IT,Manager,114574,20,39,4,2,2,Yes,0,Yes
950,25,R&D,Associate,80686,24,21,1,1,3,No,3,No
951,40,Sales,Associate,114851,19,23,1,2,3,No,0,Yes
952,31,IT,Associate,89212,16,29,2,2,1,No,3,No
953,30,Sales,Manager,22426,19,14,2,1,2,Yes,0,Yes
954,58,Finance,Manager,142952,21,26,3,1,1,No,3,No
955,26,R&D,Associate,110009,20,5,1,1,2,Yes,0,No
956,28,HR,Associate,88498,0,31,1,2,2,No,3,Yes
957,43,IT,Lead,49943,19,25,2,2,2,No,5,Yes
958,46,Finance,Associate,86395,5,31,4,3,3,No,0,No
959,32,HR,Lead,64816,14,20,3,4,2,No,1,No
960,46,HR,Analyst,24138,13,17,3,2,3,No,4,No
961,33,Sales,Manager,120728,19,2,2,4,2,No,5,No
962,38,R&D,Associate,111176,14,25,1,1,3,No,5,Yes
963,45,Sales,Manager,95945,13,13,2,2,4,No,0,No
964,53,IT,Manager,24017,24,39,2,3,3,No,4,No
965,32,R&D,Manager,30451,20,28,2,3,3,Yes,1,Yes
966,56,IT,Analyst,82956,23,6,2,4,1,No,5,No
967,24,Sales,Executive,113863,24,3,4,1,2,No,1,No
968,25,Sales,Associate,30278,4,35,4,4,4,No,3,No
969,57,IT,Executive,110480,5,18,1,1,1,Yes,4,Yes
970,28,Sales,Executive,63764,16,11,2,3,2,Yes,2,No
971,48,Sales,Executive,143030,10,20,4,4,4,No,3,No
972,51,Sales,Manager,21134,15,5,1,3,4,No,4,No
973,29,Finance,Lead,82943,11,19,2,3,4,Yes,0,No
974,49,IT,Manager,115667,14,22,3,1,2,No,0,No
975,34,R&D,Manager,74318,22,19,4,4,4,No,1,No
976,42,Sales,Executive,123423,3,16,1,4,4,No,5,No
977,31,R&D,Manager,123998,17,24,3,3,1,Yes,2,No
978,43,IT,Executive,80128,20,4,2,3,3,Yes,0,No
979,21,IT,Lead,108056,2,15,2,1,2,No,4,Yes
980,57,Sales,Associate,41869,21,25,2,2,3,Yes,5,Yes
981,41,Sales,Executive,122468,7,35,4,2,1,Yes,5,Yes
982,46,Sales,Lead,137034,22,14,1,3,3,No,4,No
983,56,IT,Associate,25039,2,19,3,2,4,No,5,No
984,43,IT,Analyst,41281,7,38,1,2,4,Yes,0,Yes
985,21,Sales,Executive,132935,17,36,4,2,2,Yes,4,No
986,35,Sales,Executive,30442,9,7,1,2,2,Yes,4,Yes
987,41,Sales,Analyst,93788,24,30,4,3,2,Yes,1,No
988,29,Finance,Analyst,139729,19,19,2,2,1,No,2,No
989,29,Sales,Executive,47586,16,25,3,2,2,No,1,No
990,30,IT,Analyst,73053,7,16,2,1,1,No,2,No
991,46,HR,Manager,70489,22,8,1,3,4,No,4,No
992,55,R&D,Associate,103104,10,18,2,4,3,No,5,No
993,45,Sales,Associate,106346,4,28,3,4,4,Yes,2,No
994,46,Sales,Associate,87087,12,16,2,1,4,No,4,No
995,31,HR,Manager,32625,20,19,3,1,4,No,4,No
996,58,IT,Analyst,54397,22,17,3,3,2,No,1,No
997,22,HR,Lead,78671,4,13,2,4,2,Yes,1,Yes
998,27,R&D,Analyst,136214,23,7,4,2,2,No,5,No
999,38,Sales,Executive,111785,12,27,1,1,3,No,3,No
1000,47,Finance,Associate,86897,5,10,4,4,2,No,0,No
